Date,ACA.PA,BBVA.MC,BKT.MC,BNP.PA,CABK.MC,CBK.DE,DBK.DE,GLE.PA,INGA.AS,ISP.MI,KBC.BR,SAB.MC,SAN.MC,UCG.MI
2016-04-01,4.731241703033447,3.4683704376220703,2.764484405517578,24.782258987426758,1.5616592168807983,7.364138603210449,12.225438117980957,20.5848331451416,5.972231388092041,1.161259412765503,27.586368560791016,0.919498860836029,2.9344778060913086,12.327478408813477
2016-05-01,4.714261531829834,3.4556174278259277,2.839245557785034,26.671478271484375,1.482925534248352,6.949002742767334,11.917389869689941,23.51427459716797,6.251439571380615,1.1788362264633179,29.93821907043457,0.8462255597114563,2.8481881618499756,10.507950782775879
2016-06-01,3.949010133743286,2.9356226921081543,2.4231629371643066,22.363954544067383,1.1871851682662964,5.255972862243652,9.148665428161621,17.932893753051758,5.125677585601807,0.8693151473999023,24.711267471313477,0.6495444774627686,2.276028633117676,7.197729110717773
2016-07-01,4.137058734893799,3.0784080028533936,2.6214535236358643,24.95166015625,1.3561797142028809,5.320950508117676,8.925980567932129,19.423593521118164,5.584134578704834,1.0061990022659302,26.15444564819336,0.6737851500511169,2.5557453632354736,8.008843421936035
2016-08-01,4.43480110168457,3.2863845825195312,2.7626070976257324,25.65483856201172,1.4563695192337036,5.690963268280029,9.805587768554688,20.752187728881836,6.414428234100342,1.087921142578125,29.85944938659668,0.6693777441978455,2.7079851627349854,8.425359725952148
2016-09-01,4.585239887237549,3.1709072589874268,2.689155101776123,25.747661590576172,1.376049280166626,5.178360462188721,8.588239669799805,19.566625595092773,6.282938480377197,1.0082422494888306,29.156137466430664,0.628058135509491,2.658810615539551,7.5704026222229
2016-10-01,5.135802745819092,3.934030294418335,2.9618093967437744,29.724851608276367,1.6868689060211182,5.583569049835205,9.764761924743652,22.60523223876953,6.8574934005737305,1.0777056217193604,31.232290267944336,0.6715812683105469,3.0498206615448,8.257291793823242
2016-11-01,5.5630903244018555,3.4842898845672607,3.011922836303711,30.816181182861328,1.702451467514038,5.931921482086182,11.030359268188477,25.79958724975586,7.346292018890381,1.0705550909042358,32.40380859375,0.648442268371582,2.938100814819336,7.387718200683594
2016-12-01,6.1533522605896,3.8359484672546387,3.1558339595794678,34.06206512451172,1.948850393295288,6.539282321929932,12.804421424865723,29.71546173095703,7.643574237823486,1.2391061782836914,33.69240188598633,0.7398383617401123,3.378169059753418,9.98913288116455
2017-01-01,6.406695365905762,3.799314498901367,3.187992811203003,33.291378021240234,2.0984272956848145,7.231474876403809,13.650626182556152,28.768281936645508,7.574969291687012,1.108351469039917,34.373924255371094,0.7795423269271851,3.5439858436584473,9.192630767822266
2017-02-01,5.952245712280273,3.740583658218384,3.121103048324585,31.013078689575195,2.0469136238098145,6.498672008514404,13.806506156921387,26.641883850097656,7.440621376037598,1.1236741542816162,33.06814956665039,0.7761874198913574,3.547428607940674,9.2230224609375
2017-03-01,6.633920669555664,4.401755332946777,3.416804552078247,35.11964797973633,2.5006110668182373,7.651123046875,13.431717872619629,30.227191925048828,8.100930213928223,1.300397515296936,35.616703033447266,0.9607272148132324,3.954204797744751,10.535387992858887
2017-04-01,7.130157947540283,4.531237602233887,3.508833646774292,36.44163131713867,2.6276187896728516,8.117698669433594,13.747759819030762,31.918132781982422,8.543994903564453,1.3657748699188232,37.959075927734375,1.0059260129928589,4.158576965332031,10.8926420211792
2017-05-01,7.432485580444336,4.471428871154785,3.557887554168701,36.838104248046875,2.6496784687042236,8.472369194030762,13.101630210876465,31.061973571777344,8.748544692993164,1.3897684812545776,39.37018585205078,1.0446596145629883,4.015489101409912,11.351973533630371
2017-06-01,7.674967288970947,4.47944450378418,3.5374319553375244,36.97883987426758,2.634551763534546,9.412739753723145,13.059569358825684,31.354827880859375,8.871928215026855,1.514127492904663,39.03514099121094,1.013331413269043,4.023130416870117,11.920663833618164
2017-07-01,8.091818809509277,4.717443943023682,3.613312005996704,38.45071792602539,2.7832963466644287,9.999344825744629,12.693649291992188,33.01207733154297,9.292022705078125,1.5883070230484009,41.14531326293945,1.0782663822174072,4.077680587768555,12.132104873657227
2017-08-01,8.070021629333496,4.576247215270996,3.5133094787597656,37.47728729248047,2.734135389328003,9.421764373779297,11.330911636352539,31.30158042907715,8.890630722045898,1.54685378074646,40.57515335083008,1.0520646572113037,3.895352840423584,12.46019172668457
2017-09-01,8.38061809539795,4.661951541900635,3.5490899085998535,40.02229690551758,2.672368288040161,10.387405395507812,12.306697845458984,32.96881866455078,9.308309555053711,1.631941556930542,42.14454650878906,1.0059260129928589,4.215031147003174,13.1382474899292
2017-10-01,8.162656784057617,4.6895623207092285,3.592987298965454,39.312740325927734,2.5775773525238037,10.617534637451172,11.734684944152832,31.81406021118164,9.463448524475098,1.5741255283355713,41.91530990600586,0.9791544675827026,4.184823989868164,11.978991508483887
2017-11-01,7.71311092376709,4.482954025268555,3.5947606563568115,37.28377151489258,2.561539649963379,10.969496726989746,13.34136962890625,28.160106658935547,9.04278564453125,1.5392177104949951,40.97397232055664,0.9626362323760986,4.055462837219238,12.321663856506348
2017-12-01,7.519670486450195,4.439260005950928,3.5426039695739746,36.50385284423828,2.4948227405548096,11.285361289978027,13.353987693786621,28.652624130249023,9.144222259521484,1.5108550786972046,42.3928337097168,0.954572856426239,3.9376001358032227,11.35926342010498
2018-01-01,8.268911361694336,4.723891735076904,4.151264667510986,39.054718017578125,2.788633346557617,11.964919090270996,12.44465446472168,31.185104370117188,9.445548057556152,1.7238478660583496,46.14267349243164,1.103292465209961,4.342902183532715,12.94087028503418
2018-02-01,7.702212333679199,4.300689220428467,4.064312934875488,38.333438873291016,2.573728322982788,11.495636940002441,11.103789329528809,31.36147689819336,8.638829231262207,1.6886667013168335,46.08305740356445,0.9946349263191223,4.113526344299316,12.722101211547852
2018-03-01,7.195452690124512,4.012936592102051,3.805112838745117,35.28411865234375,2.483916997909546,9.51562213897705,9.527387619018555,29.391401290893555,8.174607276916504,1.6109424829483032,42.16032409667969,0.9574546813964844,3.843500852584839,12.388116836547852
2018-04-01,7.429760456085205,4.2998948097229,3.952655553817749,37.518341064453125,2.6441850662231445,9.66543197631836,9.561036109924316,30.253313064575195,8.594953536987305,1.7219386100769043,43.161869049072266,0.9656137824058533,3.944305896759033,13.34463882446289
2018-05-01,6.980635166168213,3.730621337890625,3.754112482070923,32.848472595214844,2.3803555965423584,7.890276908874512,7.785368919372559,25.98873519897461,7.661413192749023,1.4710365533828735,40.594566345214844,0.853705883026123,3.376847505569458,10.49366283416748
2018-06-01,6.799281120300293,3.8807668685913086,3.8392064571380615,32.928951263427734,2.426182270050049,7.410164833068848,7.84063196182251,25.466920852661133,7.5814666748046875,1.4546561241149902,40.54551696777344,0.8522215485572815,3.3709750175476074,10.613937377929688
2018-07-01,7.144150257110596,4.016215801239014,3.80238676071167,34.46427536010742,2.5905022621154785,8.33519458770752,9.512144088745117,26.87371826171875,8.057461738586426,1.5409467220306396,40.32475280761719,0.8480656147003174,3.5863654613494873,11.258378028869629
2018-08-01,7.006796360015869,3.4309704303741455,3.5271718502044678,31.331722259521484,2.5276548862457275,7.350601673126221,8.248732566833496,24.849903106689453,7.298253059387207,1.2446333169937134,37.38134765625,0.784839391708374,3.1908576488494873,9.231513023376465
2018-09-01,7.364747524261475,3.5076403617858887,3.6907520294189453,32.63179016113281,2.578064203262329,8.099649429321289,8.355859756469727,26.06983184814453,7.008731365203857,1.2876322269439697,39.306827545166016,0.794931948184967,3.2262046337127686,9.625006675720215
2018-10-01,6.735658168792725,3.181548595428467,3.3706252574920654,28.558237075805664,2.3443493843078613,7.525679588317871,7.355163097381592,22.903654098510742,6.5675506591796875,1.1425470113754272,37.34455490112305,0.6916320323944092,3.1475133895874023,8.401463508605957
2018-11-01,6.52160120010376,3.268170118331909,3.4339065551757812,27.471742630004883,2.4271457195281982,6.864170551300049,6.855239391326904,22.889551162719727,6.695394515991211,1.1981239318847656,39.52104187011719,0.669072151184082,3.140010356903076,8.453434944152832
2018-12-01,5.60710334777832,3.0190510749816895,3.308229446411133,24.43824577331543,2.112652063369751,5.218972206115723,5.923409461975098,19.61760139465332,5.89700984954834,1.1348248720169067,35.33205795288086,0.6061214804649353,2.9809463024139404,7.345712184906006
2019-01-01,5.921646595001221,3.367166042327881,3.2092361450195312,25.36067771911621,2.2021262645721436,5.6503520011901855,6.585722923278809,19.138090133666992,6.462271690368652,1.1670007705688477,36.95279312133789,0.6054549217224121,3.147382974624634,7.489745616912842
2019-02-01,6.678577423095703,3.565157413482666,3.404393196105957,27.892723083496094,2.0939559936523438,6.547404766082764,6.9385600090026855,19.039365768432617,7.289480209350586,1.2689114809036255,40.593223571777344,0.6067272424697876,3.272303581237793,8.884050369262695
2019-03-01,6.403871059417725,3.317017078399658,3.2653932571411133,26.37906837463379,1.8589200973510742,6.227028846740723,6.172521114349365,18.17554473876953,6.758059501647949,1.270081877708435,38.822872161865234,0.5378457307815552,3.1569039821624756,8.484617233276367
2019-04-01,7.271989345550537,3.6345126628875732,3.4231314659118652,29.37542152404785,1.9639803171157837,7.230573654174805,6.265193939208984,19.89966583251953,7.393770694732666,1.3671951293945312,41.154239654541016,0.6345479488372803,3.4869532585144043,9.352190017700195
2019-05-01,6.503127098083496,3.265225648880005,3.1153481006622314,27.15691566467285,1.9079457521438599,5.687353134155273,5.264917373657227,17.38963508605957,6.312310695648193,1.179903507232666,38.169979095458984,0.6083324551582336,3.054513931274414,7.727503299713135
2019-06-01,6.703371524810791,3.298431396484375,2.9594290256500244,27.74822235107422,1.7419170141220093,5.702694892883301,5.86432409286499,17.203813552856445,6.638504505157471,1.2109161615371704,37.37882614135742,0.5579857230186462,3.153831958770752,8.211421012878418
2019-07-01,6.852757453918457,3.0854456424713135,2.8666114807128906,28.023950576782227,1.5461417436599731,5.561910152435303,6.08920955657959,17.19219970703125,6.557771682739258,1.2613605260849,37.793853759765625,0.4848528802394867,2.985725164413452,8.082476615905762
2019-08-01,6.6048383712768555,2.8905715942382812,2.5881571769714355,27.26321792602539,1.425770878791809,4.655831813812256,5.684415340423584,17.850311279296875,5.813322067260742,1.282464623451233,34.13638687133789,0.4770132303237915,2.658787488937378,7.630415439605713
2019-09-01,7.081607341766357,3.20686411857605,2.8739304542541504,29.67827033996582,1.6672042608261108,4.802934169769287,5.943033695220947,19.464622497558594,6.4195876121521,1.399760127067566,38.66282653808594,0.5452454090118408,2.887953042984009,8.206869125366211
2019-10-01,7.428058624267578,3.2382633686065674,3.075314521789551,31.100072860717773,1.7744309902191162,4.839935302734375,5.616949558258057,19.704639434814453,6.769845008850098,1.44512140750885,40.77689743041992,0.6025750637054443,2.8496570587158203,8.622522354125977
2019-11-01,7.892113208770752,3.2783730030059814,3.1487247943878174,33.86392593383789,1.8532944917678833,4.7478837966918945,5.6601972579956055,22.112552642822266,6.9810686111450195,1.4801874160766602,43.5410270690918,0.6167851090431213,2.804462432861328,9.52816104888916
2019-12-01,8.216317176818848,3.4165287017822266,3.2828879356384277,35.09969711303711,1.935617446899414,4.978915214538574,5.982820987701416,24.013334274291992,7.144164562225342,1.511071801185608,44.14667892456055,0.6585551500320435,2.957490921020508,9.87554931640625
2020-01-01,7.774510383605957,3.2008957862854004,2.9421353340148926,31.920578002929688,1.8263150453567505,4.692833423614502,7.165201187133789,22.62742805480957,6.567310810089111,1.4447994232177734,43.620033264160156,0.5154462456703186,2.817941665649414,9.164085388183594
2020-02-01,6.871829032897949,2.971893072128296,2.683805465698242,29.090290069580078,1.6056355237960815,4.702760696411133,6.8148980140686035,19.813034057617188,5.754500865936279,1.4145586490631104,39.51213455200195,0.5010085701942444,2.6379542350769043,8.751465797424316
2020-03-01,4.252778053283691,1.998974323272705,1.7501177787780762,18.27735137939453,1.1760362386703491,2.9858152866363525,5.162854194641113,11.883174896240234,3.1960906982421875,0.9576661586761475,27.66244125366211,0.29698309302330017,1.7586359977722168,5.420932769775391
2020-04-01,4.629107475280762,2.164567708969116,1.9699283838272095,19.051366806030273,1.181896686553955,3.044926881790161,5.862594127655029,11.040792465209961,3.347490072250366,0.9155864119529724,32.441810607910156,0.25008755922317505,1.6155190467834473,5.331430912017822
2020-05-01,4.9736528396606445,2.0239832401275635,1.9945263862609863,21.429880142211914,1.2096253633499146,3.1595401763916016,6.513896942138672,10.244863510131836,3.8808960914611816,0.9988448619842529,30.986942291259766,0.17898358404636383,1.6155190467834473,5.814589500427246
2020-06-01,5.357611179351807,2.220367193222046,2.2216644287109375,23.49945068359375,1.3687962293624878,3.580090284347534,7.3208909034729,11.45888614654541,4.142919540405273,1.0961302518844604,33.61362075805664,0.20444874465465546,1.7241454124450684,6.210521697998047
2020-07-01,5.165632247924805,1.9109362363815308,2.293365478515625,22.665645599365234,1.310817837715149,3.924833059310913,6.565793991088867,10.052849769592285,3.941054344177246,1.0984463691711426,31.809833526611328,0.19115397334098816,1.4340262413024902,5.856307029724121
2020-08-01,5.45932149887085,1.7775980234146118,2.3587849140167236,24.293394088745117,1.3266626596450806,4.388701438903809,6.941179275512695,10.515851020812988,4.547987461090088,1.1615017652511597,31.665008544921875,0.22369642555713654,1.47700035572052,6.2575483322143555
2020-09-01,4.749889850616455,1.718900203704834,1.9243961572647095,20.5794620513916,1.3057760000228882,3.784047842025757,6.218951225280762,8.762951850891113,4.048671722412109,1.0314019918441772,28.169349670410156,0.19657765328884125,1.2683113813400269,5.34356689453125
2020-10-01,4.311262130737305,1.7841198444366455,1.6836501359939575,19.835342407226562,1.1249984502792358,3.6504828929901123,6.833926677703857,9.012259483337402,3.9163224697113037,0.9133990406990051,27.866518020629883,0.1732952743768692,1.3564814329147339,4.855098724365234
2020-11-01,6.14968204498291,2.8479249477386475,2.1714227199554443,28.545488357543945,1.546332836151123,4.701857566833496,8.081177711486816,12.919121742248535,5.46440315246582,1.2388406991958618,38.44565963745117,0.21529620885849,2.0001585483551025,6.555634021759033
2020-12-01,6.56033992767334,2.9240148067474365,2.3153464794158936,28.63850212097168,1.513202428817749,4.752396106719971,7.740389823913574,13.179266929626465,5.107461929321289,1.230604887008667,37.708351135253906,0.23414702713489532,2.0998566150665283,5.800936222076416
2021-01-01,5.962789535522461,2.7298052310943604,2.431532621383667,26.429414749145508,1.5031187534332275,4.945524215698242,7.238720893859863,11.95285701751709,4.929660320281982,1.1615017652511597,37.998008728027344,0.23930621147155762,1.998090147972107,5.731914520263672
2021-02-01,7.3835601806640625,3.335623264312744,2.910909652709961,32.737789154052734,1.7335925102233887,4.9004011154174805,8.834543228149414,15.89920425415039,6.124577045440674,1.3730580806732178,39.24880599975586,0.2755527198314667,2.397294044494629,6.47750997543335
2021-03-01,7.847615718841553,3.207357883453369,3.137760639190674,34.46852111816406,1.9006856679916382,4.718101978302002,8.812054634094238,17.277368545532227,7.068436145782471,1.486621618270874,40.81560516357422,0.30161309242248535,2.396880865097046,6.836276531219482
2021-04-01,8.182624816894531,3.4297213554382324,3.354099988937378,35.47175216674805,1.9208520650863647,4.955451488494873,10.038546562194824,18.32647705078125,7.202596187591553,1.4933775663375854,42.5403938293457,0.3488394618034363,2.6830549240112305,6.5869832038879395
2021-05-01,8.25147819519043,3.7715554237365723,3.4519922733306885,37.85325241088867,2.040473222732544,5.954483509063721,10.545405387878418,20.7242488861084,7.6836724281311035,1.5785622596740723,44.31298065185547,0.41458579897880554,2.8574745655059814,8.0779390335083
2021-06-01,7.989097595214844,3.839113712310791,3.1200408935546875,35.83350372314453,1.8863106966018677,5.398562908172607,9.502281188964844,19.660554885864258,7.548160076141357,1.5217303037643433,42.603546142578125,0.3797944188117981,2.6868104934692383,7.654810428619385
2021-07-01,7.952581882476807,3.9734973907470703,3.3909008502960205,34.87107849121094,1.8215916156768799,4.909425258636475,9.218578338623047,19.553787231445312,7.34895133972168,1.5230369567871094,44.98881530761719,0.3878638744354248,2.576651096343994,7.776363372802734
2021-08-01,8.256889343261719,4.073367595672607,3.652928352355957,36.41638946533203,1.9139435291290283,4.792104244232178,9.106136322021484,21.0761775970459,7.927597522735596,1.5661507844924927,47.268070220947266,0.4008280038833618,2.610032796859741,8.130253791809082
2021-09-01,8.078360557556152,4.19820499420166,3.830033779144287,38.6352653503418,1.9517570734024048,5.193702697753906,9.547257423400879,21.507190704345703,8.515731811523438,1.6027326583862305,51.70732116699219,0.47993534803390503,2.6175432205200195,8.847268104553223
2021-10-01,8.818167686462402,4.511303901672363,3.5987815856933594,40.349609375,1.8070478439331055,5.699987888336182,9.640671730041504,22.804183959960938,9.244630813598633,1.669938087463379,53.37700653076172,0.4606214463710785,2.775412082672119,8.788798332214355
2021-11-01,8.159510612487793,3.499572277069092,3.282886505126953,38.38439178466797,1.6536121368408203,5.626888275146484,9.220308303833008,21.783987045288086,8.602017402648926,1.4823715686798096,50.90760040283203,0.3944782614707947,2.3294317722320557,8.22411060333252
2021-12-01,8.486810684204102,3.9070186614990234,3.4466392993927,42.349666595458984,1.7554175853729248,6.0366082191467285,9.52995777130127,23.887651443481445,8.625975608825684,1.593435525894165,51.897972106933594,0.3914356231689453,2.490797758102417,10.41977310180664
2022-01-01,8.98046588897705,4.192788124084473,3.9671895503997803,43.90371322631836,2.0695607662200928,6.8470234870910645,10.599030494689941,25.848960876464844,9.203765869140625,1.8355340957641602,52.91584777832031,0.4546685814857483,2.6212456226348877,10.762892723083496
2022-02-01,7.753766059875488,3.936785936355591,3.8953375816345215,36.59339904785156,2.137915849685669,6.799193382263184,9.739275932312012,20.27741813659668,7.397114276885986,1.6070994138717651,44.37393569946289,0.5124777555465698,2.5280685424804688,8.761103630065918
2022-03-01,7.361546993255615,3.8772504329681396,4.116312026977539,36.189208984375,2.237539529800415,6.251395225524902,9.955512046813965,19.344213485717773,6.701653957366943,1.4599484205245972,44.96540451049805,0.5123383402824402,2.6259047985076904,7.581722259521484
2022-04-01,7.016664981842041,3.9373714923858643,4.354445934295654,34.63863754272461,2.355313301086426,5.669303894042969,8.325955390930176,18.32401466369629,6.707672595977783,1.3697658777236938,44.717811584472656,0.5112389326095581,2.430206060409546,7.257365703582764
2022-05-01,7.69244384765625,3.952937126159668,4.575570583343506,39.72600555419922,2.568878173828125,7.290136337280273,9.16606616973877,21.145334243774414,7.96979284286499,1.4817670583724976,45.56366729736328,0.5723951458930969,2.6010494232177734,8.8832426071167
2022-06-01,6.5118021965026855,3.370387077331543,4.660284996032715,33.93278503417969,2.5299785137176514,6.033900737762451,7.349464416503906,17.66550636291504,7.142066478729248,1.2989635467529297,41.987586975097656,0.5226455926895142,2.3193304538726807,7.387761116027832
2022-07-01,6.6967668533325195,3.437709093093872,3.7614262104034424,34.40776443481445,2.234038829803467,6.026680946350098,7.533246040344238,18.464641571044922,7.187505722045898,1.2614541053771973,40.08974838256836,0.42919328808784485,2.105344772338867,7.807474136352539
2022-08-01,6.8541364669799805,3.4956917762756348,3.9963200092315674,34.77054214477539,2.2912437915802,5.983362197875977,7.353882789611816,18.671825408935547,6.759930610656738,1.2573676109313965,37.156734466552734,0.4720713198184967,2.0854992866516113,7.985139846801758
2022-09-01,6.238084316253662,3.5960910320281982,4.56397008895874,32.61631774902344,2.525402545928955,6.625919818878174,6.755711078643799,17.26382827758789,6.830876350402832,1.2426265478134155,38.160552978515625,0.4730333685874939,2.0686733722686768,8.523024559020996
2022-10-01,6.8511528968811035,4.158077716827393,4.841006278991699,35.5260124206543,2.557436943054199,7.306380271911621,8.53520393371582,19.64008903503418,7.676061630249023,1.407697081565857,39.7603759765625,0.5466957092285156,2.3131182193756104,10.226325035095215
2022-11-01,7.16738224029541,4.479772090911865,4.980314254760742,39.965362548828125,2.7168476581573486,7.225157737731934,8.943408966064453,20.287004470825195,8.937666893005371,1.6018753051757812,42.172454833984375,0.6111503839492798,2.5146994590759277,10.614253044128418
2022-12-01,7.332211017608643,4.497333526611328,5.02768611907959,39.83072280883789,2.800747871398926,7.974206924438477,9.355149269104004,19.855730056762695,8.781893730163574,1.5686603784561157,48.04174041748047,0.6188326478004456,2.4723544120788574,10.816368103027344
2023-01-01,8.23093032836914,5.159081935882568,5.310031890869141,47.04887390136719,3.1020267009735107,9.444326400756836,10.786519050598145,23.06917953491211,10.287797927856445,1.8192834854125977,54.26285171508789,0.841339647769928,2.825674057006836,14.575039863586426
2023-02-01,8.623234748840332,5.885488033294678,5.33569860458374,49.479862213134766,3.090585708618164,10.4009428024292,10.426025390625,23.10300064086914,10.29866886138916,1.9336493015289307,56.5338134765625,0.8669838905334473,3.2839744091033936,15.76816463470459
2023-03-01,7.755093097686768,5.245293140411377,4.266716003417969,41.296791076660156,2.7336277961730957,8.755742073059082,8.2666015625,17.576717376708984,8.48518180847168,1.7872008085250854,50.61654281616211,0.7091482281684875,3.0224039554595947,14.188741683959961
2023-04-01,8.266730308532715,5.571186065673828,4.37775182723999,43.82501220703125,2.7327489852905273,9.08333969116211,8.785252571105957,18.625314712524414,8.999197959899902,1.8000341653823853,51.79999542236328,0.677592396736145,2.8628292083740234,15.399151802062988
2023-05-01,8.743809700012207,5.127166748046875,4.361423492431641,43.21522903442383,2.793893575668335,8.483198165893555,8.642510414123535,19.704702377319336,9.246675491333008,1.6901832818984985,51.3304557800293,0.6626749634742737,2.7357022762298584,15.37683391571045
2023-06-01,8.891012191772461,5.891216278076172,4.674114227294922,46.18373107910156,3.0873868465423584,9.359180450439453,8.77202033996582,21.681550979614258,9.913578987121582,1.881901741027832,53.629337310791016,0.7559084296226501,3.0411665439605713,18.253231048583984
2023-07-01,9.22957706451416,6.040339469909668,4.880007266998291,48.02403259277344,2.9911861419677734,10.027693748474121,9.19338321685791,22.515108108520508,10.670475959777832,2.061466693878174,57.388099670410156,0.8025251626968384,3.3093461990356445,19.742504119873047
2023-08-01,9.532159805297852,6.087253570556641,4.911555767059326,47.77599334716797,3.0441782474517822,9.359180450439453,9.1678466796875,23.881589889526367,10.807072639465332,1.9383587837219238,50.81027603149414,0.765949010848999,3.2361245155334473,19.36911392211914
2023-09-01,9.561599731445312,6.459225177764893,5.126978874206543,48.352088928222656,3.08657169342041,9.94931697845459,9.530838966369629,20.993755340576172,10.353339195251465,1.9132671356201172,49.61888885498047,0.7892574667930603,3.250948667526245,19.5107421875
2023-10-01,9.304813385009766,6.350313663482666,5.057420253753662,43.43927001953125,3.126519203186035,9.359180450439453,9.445107460021973,19.26287269592285,9.922706604003906,1.9262052774429321,43.544471740722656,0.8398185968399048,3.18624210357666,20.278982162475586
2023-11-01,9.831469535827637,7.2777910232543945,5.466289520263672,46.22373962402344,3.3678362369537354,10.368865966796875,10.420991897583008,21.02108383178711,10.623929977416992,2.188671588897705,45.00949478149414,0.9610221982002258,3.4942026138305664,21.446369171142578
2023-12-01,10.510235786437988,7.03822135925293,5.037409782409668,50.080379486083984,3.03765606880188,9.921653747558594,11.276487350463867,21.886526107788086,11.15850830078125,2.19032883644104,50.24634552001953,0.8199720978736877,3.474437713623047,21.08585548400879
2024-01-01,10.886419296264648,7.423244476318359,4.971356391906738,50.048370361328125,3.2235350608825684,9.84788703918457,10.975513458251953,21.827308654785156,10.881317138671875,2.3722000122070312,51.75236892700195,0.8884872198104858,3.4339892864227295,23.313322067260742
2024-02-01,10.238729476928711,7.859603404998779,5.0999860763549805,44.3114128112793,3.3996315002441406,9.861717224121094,11.274663925170898,20.433494567871094,10.46883487701416,2.434343099594116,55.5345344543457,0.8818567991256714,3.5351104736328125,26.532207489013672
2024-03-01,11.298584938049316,9.44589900970459,5.989941596984863,52.69681930541992,3.9838814735412598,11.738164901733398,13.299396514892578,22.60165023803711,12.577452659606934,2.7864856719970703,59.40226364135742,1.07193124294281,4.156547546386719,30.19315528869629
2024-04-01,11.898842811584473,9.025653839111328,6.553431034088135,54.097049713134766,4.390870094299316,12.872331619262695,13.689750671386719,23.130023956298828,12.885095596313477,2.9215431213378906,59.81300735473633,1.3510584831237793,4.287871360778809,31.281204223632812
2024-05-01,13.06736946105957,8.817198753356934,7.1716790199279785,57.81734848022461,4.672836780548096,14.697724342346191,14.292374610900879,25.802316665649414,14.187302589416504,3.1133885383605957,60.47777557373047,1.458255410194397,4.533066749572754,32.91401290893555
2024-06-01,11.15432357788086,8.295619010925293,6.835088729858398,50.8399772644043,4.382889747619629,13.416166305541992,13.993873596191406,20.649389266967773,13.838776588439941,2.996830463409424,59.60941696166992,1.3544434309005737,4.06049108505249,31.303817749023438
2024-07-01,12.283764839172363,8.607856750488281,7.069916725158691,54.1962890625,4.775691986083984,14.272114753723145,13.550816535949707,22.589981079101562,14.521958351135254,3.2381484508514404,64.80149841308594,1.4684107303619385,4.177227973937988,34.33424377441406
2024-08-01,12.393206596374512,8.506734848022461,7.166715145111084,53.44475173950195,4.841307163238525,12.654797554016113,13.843685150146484,20.564605712890625,14.537394523620605,3.2502357959747314,63.62558364868164,1.4616403579711914,4.215672016143799,33.81409454345703
2024-09-01,12.01672649383545,8.611405372619629,7.105768203735352,52.56510543823242,4.756185054779053,15.629337310791016,14.547697067260742,21.05446434020996,14.430986404418945,3.3132636547088623,64.60249328613281,1.4955896139144897,4.313656806945801,35.609737396240234
2024-10-01,12.331918716430664,8.367852210998535,6.713193416595459,53.58993911743164,4.956576347351074,15.444905281066895,14.665970802307129,24.855571746826172,13.898933410644531,3.3991708755493164,60.314964294433594,1.4011847972869873,4.307799339294434,36.79928970336914
2024-11-01,11.093036651611328,8.17214584350586,6.984553337097168,48.371856689453125,4.681893825531006,13.737737655639648,15.088376998901367,23.640348434448242,12.997995376586914,3.274243116378784,62.620365142822266,1.3988345861434937,4.1960768699646,33.67903518676758
2024-12-01,11.635869026184082,8.644037246704102,7.122528553009033,50.57523727416992,4.763777256011963,14.872697830200195,15.619671821594238,25.585647583007812,13.41654109954834,3.487290143966675,68.40155792236328,1.4705194234848022,4.281427383422852,35.659889221191406
2025-01-01,12.734664916992188,10.105439186096191,7.674432277679443,56.126380920410156,5.3278608322143555,17.66753387451172,17.778642654418945,29.438568115234375,14.396096229553223,3.7851943969726562,68.21802520751953,1.7846795320510864,4.760444641113281,41.11647033691406
2025-02-01,14.017325401306152,11.728711128234863,8.701789855957031,62.2241096496582,6.084825038909912,19.49292755126953,19.45418930053711,37.02665328979492,15.363962173461914,4.272675514221191,76.69711303710938,2.0823872089385986,5.966858386993408,46.84611892700195
2025-03-01,14.68710994720459,11.47264575958252,9.551087379455566,65.68289947509766,6.526993274688721,19.83341407775879,20.482044219970703,38.99079513549805,16.122121810913086,4.273577690124512,77.08251953125,2.115866184234619,5.941924571990967,47.69770050048828
2025-04-01,14.437582015991211,11.463906288146973,9.662885665893555,63.44536590576172,6.397427558898926,21.961463928222656,21.5709171295166,42.956756591796875,15.895393371582031,4.226635456085205,74.38462829589844,2.1019296646118164,6.029998779296875,48.61811065673828
2025-05-01,15.06209659576416,12.557064056396484,10.700889587402344,70.109375,7.1158552169799805,25.99675750732422,23.502254486083984,46.12439727783203,17.45186424255371,4.590185642242432,82.96338653564453,2.2994980812072754,6.858123779296875,53.95017623901367
2025-06-01,15.024687767028809,12.409725189208984,10.599452018737793,69.36410522460938,6.9885149002075195,25.98705291748047,24.283733367919922,46.799156188964844,17.401411056518555,4.5728912353515625,83.63121795654297,2.2158801555633545,6.854221820831299,54.28402328491211
2025-07-01,15.104183197021484,13.916383743286133,11.957865715026855,72.76323699951172,7.839984893798828,31.091306686401367,27.964401245117188,53.941932678222656,19.142860412597656,4.950109004974365,87.54277801513672,2.6569244861602783,7.350706100463867,61.647796630859375
2025-08-01,14.617856979370117,14.724370002746582,12.192239761352539,69.82762908935547,8.10606861114502,31.654130935668945,28.972606658935547,50.81877517700195,19.367719650268555,5.024898052215576,96.1196060180664,2.716275215148926,7.95936393737793,62.99274444580078
2025-09-01,15.637271881103516,15.532356262207031,12.823614120483398,72.6822509765625,8.501394271850586,31.13982582092285,28.895423889160156,54.32750701904297,20.999135971069336,5.248330593109131,96.78742980957031,2.7623138427734375,8.655807495117188,61.49518585205078
2025-10-01,14.627209663391113,16.573232650756836,12.503144264221191,63.029502868652344,8.706659317016602,30.57699966430664,29.84091567993164,53.48219299316406,20.661436080932617,5.212806224822998,99.458740234375,2.7146012783050537,8.720667839050293,61.07548522949219
2025-11-01,15.450223922729492,17.975322723388672,13.259958267211914,69.26103210449219,9.308343887329102,32.87682342529297,29.532184600830078,58.434608459472656,21.26073455810547,5.400936126708984,102.24847412109375,2.626709461212158,9.132691383361816,62.554195404052734
2025-12-01,16.413522720336914,19.41315460205078,13.841793060302734,75.93429565429688,10.110819816589355,35.031089782714844,31.944154739379883,66.99410247802734,22.83983039855957,5.724837779998779,107.16102600097656,2.8763272762298584,9.949820518493652,69.22052764892578
2026-01-01,17.08690071105957,20.768688201904297,14.100929260253906,85.71862030029297,10.798104286193848,33.662837982177734,32.127464294433594,71.94651794433594,23.775480270385742,5.768346786499023,114.52985382080078,2.825040817260742,10.651347160339355,71.68989562988281
2026-02-01,17.56855010986328,19.122684478759766,13.861350059509277,89.76017761230469,10.18342113494873,33.624027252197266,29.228275299072266,72.0050048828125,23.593475341796875,5.641686916351318,110.5805435180664,2.7421271800994873,10.66122817993164,70.6748275756836
2026-03-01,14.898429870605469,17.67032814025879,13.232215881347656,76.12226867675781,9.839778900146484,29.878318786621094,24.230669021606445,60.208900451660156,21.17473793029785,4.990015983581543,100.65911865234375,2.601088762283325,9.37674331665039,59.4015998840332
2026-04-01,15.520365715026855,18.809999465942383,14.013782501220703,83.86702728271484,10.84000015258789,34.167442321777344,25.56690216064453,66.72113800048828,24.429702758789062,5.583674907684326,109.08751678466797,2.8190572261810303,10.380000114440918,65.62000274658203
2026-05-01,16.600000381469727,20.110000610351562,14.310580253601074,89.95370483398438,11.600000381469727,37.060001373291016,27.860000610351562,69.83100891113281,26.349145889282227,5.807000160217285,113.94999694824219,2.9000000953674316,10.727999687194824,74.23999786376953
2026-06-01,17.594999313354492,21.8700008392334,14.640000343322754,98.84746551513672,12.385000228881836,37.22999954223633,29.625,76.4947738647461,27.306398391723633,5.989999771118164,119.30000305175781,3.0989999771118164,12.083999633789062,78.26000213623047
2026-07-01,19.274999618530273,24.200000762939453,15.930000305175781,106.12506103515625,12.5649995803833,37.66999816894531,31.875,80.39019775390625,30.040000915527344,6.539000034332275,124.6500015258789,3.325000047683716,12.317999839782715,81.61000061035156
2026-08-01,18.514999389648438,25.030000686645508,16.665000915527344,99.46683502197266,13.15999984741211,40.189998626708984,34.65999984741211,71.82816314697266,30.485000610351562,6.789000034332275,131.0,3.632999897003174,12.663999557495117,84.13999938964844
2026-09-01,17.56999969482422,24.809999465942383,16.2450008392334,95.0,12.609999656677246,40.310001373291016,31.864999771118164,68.77311706542969,31.485000610351562,6.644999980926514,130.5500030517578,3.6519999504089355,12.32800006866455,82.9000015258789
2026-10-01,16.774999618530273,23.899999618530273,15.664999961853027,91.79000091552734,12.130000114440918,39.2599983215332,31.1299991607666,64.87999725341797,30.790000915527344,6.381999969482422,123.69999694824219,3.5390000343322754,12.246000289916992,78.9800033569336
